{
  "signup": [
    {
      "id": "3a2e",
      "email": "krupali.kalathiyainfotech@gmail.com",
      "password": "********3",
      "additional": {
        "name": "Krupali",
        "gender": "female",
        "age": "22",
        "profession": "Video Editor",
        "securityQuestions": [
          {
            "question": "What is your mother's maiden name?",
            "answer": "Krupali"
          },
          {
            "question": "What was the name of your first pet?",
            "answer": "Krupali"
          },
          {
            "question": "In what city were you born?",
            "answer": "Krupali"
          }
        ]
      },
      "requireSecurityQuestions": true
    },
    {
      "id": "934d",
      "email": "krupalikumbhani26@gmail.com",
      "password": "Aesha@123",
      "additional": {
        "name": "Aesha",
        "gender": "female",
        "age": "20",
        "profession": "Other",
        "securityQuestions": [
          {
            "question": "What is your mother's maiden name?",
            "answer": "Aesha"
          },
          {
            "question": "What was the name of your first pet?",
            "answer": "Aesha"
          },
          {
            "question": "In what city were you born?",
            "answer": "Aesha"
          }
        ]
      }
    },
    {
      "id": "8066",
      "email": "krupali.kalathiyainfotech@gmail.com",
      "password": "Krupali@123",
      "additional": {
        "name": "Krupali",
        "gender": "female",
        "age": "20",
        "profession": "Cinematographer",
        "securityQuestions": [
          {
            "question": "What is your mother's maiden name?",
            "answer": "Krupali"
          },
          {
            "question": "What was the name of your first pet?",
            "answer": "Krupali"
          },
          {
            "question": "In what city were you born?",
            "answer": "Krupali"
          }
        ]
      }
    }
  ],
  "Mobile": []
}